Subject,Cohort
s1,Testing
s2,Testing
s3,Testing
s4,Testing
s5,Testing
s6,Testing
s7,Testing
s8,Testing
s9,Testing
s10,Testing
s11,Testing
s12,Testing
s13,Testing
s14,Testing
s15,Testing
s16,Testing
s17,Testing
s18,Testing
s19,Testing
s20,Validation
s21,Validation
s22,Validation
s23,Validation
s24,Validation
s25,Validation
s26,Validation
s27,Validation
s28,Validation
s29,Validation
s30,Validation
s31,Validation
s32,Validation
s33,Validation
s34,Validation
s35,Validation
s36,Validation
s37,Validation
s38,Validation
s39,Validation
s40,Validation
s41,Validation
s42,Validation
s43,Validation
s44,Validation
s45,Validation
s46,Validation
s47,Validation
s48,Validation